{
  "doc_type": "aadhaar",
  "learned_positions": {
    "photo_region": [
      0.0892909163135593,
      0.33215925141242914,
      0.3141022245762709,
      0.5569849046610165
    ],
    "text_regions": {
      "name": [
        0.3354333275382478,
        0.18821931502086256,
        0.6225356397774677,
        0.24712273991655082
      ],
      "dob": [
        0.34718347639485,
        0.39188349427753955,
        0.42323631974249004,
        0.43473488912732483
      ],
      "document_number": [
        0.5209441489361701,
        0.571010638297872,
        0.627814716312057,
        0.6253767730496453
      ]
    }
  },
  "position_stats": {
    "photo": {
      "mean": [
        0.0892909163135593,
        0.33215925141242914,
        0.3141022245762709,
        0.5569849046610165
      ],
      "std": [
        0.11905192614495574,
        0.07333537647602725,
        0.12098371764151127,
        0.08139195452910061
      ],
      "count": 1416
    },
    "name": {
      "mean": [
        0.3354333275382478,
        0.18821931502086256,
        0.6225356397774677,
        0.24712273991655082
      ],
      "std": [
        0.16087461532869599,
        0.10862912246071027,
        0.15342734099405891,
        0.10413100507298588
      ],
      "count": 719
    },
    "dob": {
      "mean": [
        0.34718347639485,
        0.39188349427753955,
        0.42323631974249004,
        0.43473488912732483
      ],
      "std": [
        0.12203707955694477,
        0.035272929159939966,
        0.13017372231365498,
        0.04602972062162137
      ],
      "count": 699
    },
    "document_number": {
      "mean": [
        0.5209441489361701,
        0.571010638297872,
        0.627814716312057,
        0.6253767730496453
      ],
      "std": [
        0.1760915900877447,
        0.05239394046683471,
        0.1955210517637668,
        0.06724659303145822
      ],
      "count": 141
    }
  }
}