{
  "doc_type": "pan",
  "learned_positions": {
    "photo_region": [
      0.5158093751509124,
      0.47137933092536116,
      0.6636840958181336,
      0.6605582368271913
    ],
    "text_regions": {
      "name": [
        0.28265044908226045,
        0.18611612269655964,
        0.7551339747887735,
        0.2384461902771194
      ],
      "dob": [
        0.23298274398998176,
        0.3967336640951326,
        0.349757012732732,
        0.4294657810426356
      ],
      "document_number": [
        0.1958416599660291,
        0.5717438542863219,
        0.3396290676836189,
        0.6125776791938554
      ]
    }
  },
  "position_stats": {
    "photo": {
      "mean": [
        0.5158093751509124,
        0.47137933092536116,
        0.6636840958181336,
        0.6605582368271913
      ],
      "std": [
        0.2584386570747546,
        0.16611442698430443,
        0.26761998814059246,
        0.1913752535792253
      ],
      "count": 1431
    },
    "name": {
      "mean": [
        0.28265044908226045,
        0.18611612269655964,
        0.7551339747887735,
        0.2384461902771194
      ],
      "std": [
        0.258652227143553,
        0.09314795912237389,
        0.22360280216498912,
        0.08773683421569065
      ],
      "count": 693
    },
    "dob": {
      "mean": [
        0.23298274398998176,
        0.3967336640951326,
        0.349757012732732,
        0.4294657810426356
      ],
      "std": [
        0.18835362601812936,
        0.032657528790823905,
        0.1820323466450198,
        0.03749373649693273
      ],
      "count": 702
    },
    "document_number": {
      "mean": [
        0.1958416599660291,
        0.5717438542863219,
        0.3396290676836189,
        0.6125776791938554
      ],
      "std": [
        0.2273840496174461,
        0.043265145916518956,
        0.18756716723336328,
        0.05070895563278393
      ],
      "count": 352
    }
  }
}