{
  "doc_type": "pan",
  "learned_positions": {
    "photo_region": [
      0.5164442482204102,
      0.4742893869843212,
      0.6647704381436376,
      0.6630314953502001
    ],
    "text_regions": {
      "dob": [
        0.23536587847614693,
        0.3961432580202532,
        0.3525435474651488,
        0.4292845970311398
      ],
      "document_number": [
        0.1909190887354176,
        0.5710695645060822,
        0.33038495559120756,
        0.6115377667028701
      ],
      "name": [
        0.27933033889016834,
        0.18894208144396002,
        0.7562352090873993,
        0.23972254993782646
      ]
    }
  },
  "position_stats": {
    "photo": {
      "mean": [
        0.5164442482204102,
        0.4742893869843212,
        0.6647704381436376,
        0.6630314953502001
      ],
      "std": [
        0.2581349895756523,
        0.16530976366087555,
        0.26716015800338616,
        0.19082664161069177
      ],
      "count": 1260
    },
    "dob": {
      "mean": [
        0.23536587847614693,
        0.3961432580202532,
        0.3525435474651488,
        0.4292845970311398
      ],
      "std": [
        0.188019771625617,
        0.031601892203918694,
        0.18294508292116834,
        0.03646922692808783
      ],
      "count": 611
    },
    "document_number": {
      "mean": [
        0.1909190887354176,
        0.5710695645060822,
        0.33038495559120756,
        0.6115377667028701
      ],
      "std": [
        0.22168967396284217,
        0.04380954455346978,
        0.18721534988422506,
        0.05093259653080503
      ],
      "count": 324
    },
    "name": {
      "mean": [
        0.27933033889016834,
        0.18894208144396002,
        0.7562352090873993,
        0.23972254993782646
      ],
      "std": [
        0.254322685213583,
        0.09784161467379383,
        0.22505065545283814,
        0.09348039924078141
      ],
      "count": 609
    }
  }
}