{
  "doc_type": "aadhaar",
  "learned_positions": {
    "photo_region": [
      0.08929091631355934,
      0.33215925141242914,
      0.31410222457627157,
      0.5569849046610162
    ],
    "text_regions": {
      "name": [
        0.3397844978932587,
        0.18333918539325839,
        0.6257154143258425,
        0.24284146769662943
      ],
      "dob": [
        0.34534560381355967,
        0.3933019950564978,
        0.41987111581920883,
        0.43543432203389826
      ],
      "document_number": [
        0.518058035714286,
        0.5720647321428571,
        0.6257142857142858,
        0.625825892857143
      ]
    }
  },
  "position_stats": {
    "photo": {
      "mean": [
        0.08929091631355934,
        0.33215925141242914,
        0.31410222457627157,
        0.5569849046610162
      ],
      "std": [
        0.1190519261449557,
        0.07333537647602735,
        0.12098371764151147,
        0.08139195452910052
      ],
      "count": 1416
    },
    "name": {
      "mean": [
        0.3397844978932587,
        0.18333918539325839,
        0.6257154143258425,
        0.24284146769662943
      ],
      "std": [
        0.16023883883966775,
        0.10934482273809014,
        0.1493002437544353,
        0.10714036426981681
      ],
      "count": 712
    },
    "dob": {
      "mean": [
        0.34534560381355967,
        0.3933019950564978,
        0.41987111581920883,
        0.43543432203389826
      ],
      "std": [
        0.12320422148919503,
        0.035912965787000484,
        0.13071738640310754,
        0.047619752230443305
      ],
      "count": 708
    },
    "document_number": {
      "mean": [
        0.518058035714286,
        0.5720647321428571,
        0.6257142857142858,
        0.625825892857143
      ],
      "std": [
        0.17212302228783552,
        0.05260693690822299,
        0.1929087232610389,
        0.06731493387698989
      ],
      "count": 140
    }
  }
}